id,name,surname,male,age,city
1,Elizabeth,Watkins,female,74,Juarezfurt
2,Krista,Wilson,female,30,Livingstonchester
3,Danielle,Mcintyre,female,57,Josephville
4,Hannah,Rose,female,27,Kimshire
5,Brittany,Glover,female,47,Beckyland
6,Gabriel,Davis,male,80,Jennifershire
7,Nicole,West,female,71,New Kayla
8,Patricia,Green,female,58,Mataborough
9,Emily,Fox,female,63,North Jason
10,Thomas,Smith,male,60,New Alejandra
11,Theresa,Sherman,female,75,Port Brian
12,Amy,Ward,female,77,Davidstad
13,Michelle,Orozco,female,45,Clarkmouth
14,Tony,Franklin,male,56,Wilsontown
15,Rachel,Davis,female,31,Jennifermouth
16,Jamie,Rodriguez,female,30,Moralesview
17,Anthony,Dickson,male,78,Port Darrell
18,Michelle,Vaughn,female,57,West Noah
19,Nicolas,Murphy,male,57,West Jessica
20,Ruth,Roman,female,68,Port Larryburgh
21,Cameron,Johnston,male,70,Port Nicoleborough
22,Rachel,Morgan,female,32,West Ryan
23,Nathan,Hernandez,male,39,Lynchborough
24,Jonathan,Maynard,male,34,Sanchezfurt
25,Robert,Woods,male,25,Dylantown
26,Nicole,Freeman,female,57,Duranside
27,Frederick,Taylor,male,32,New Susan
28,Frank,Douglas,male,48,Bondview
29,Amy,Clark,female,73,Jensenbury
30,Michael,Adkins,male,52,Stephanietown
31,Andre,Hendricks,male,74,Anthonyview
32,Andrew,Lopez,male,31,Chelseyland
33,Megan,Martin,female,27,East Wayneberg
34,Heidi,Delgado,female,24,Port Emmachester
35,Dawn,West,female,24,Murilloburgh
36,Curtis,Brown,male,28,Teresamouth
37,Robert,Simon,male,26,Leblanchaven
38,Jonathan,Krueger,male,19,Port Kimberly
39,Terry,Leach,female,37,East Sandrashire
40,Scott,Bates,male,24,Melaniebury
41,Roger,Brown,male,41,Hornemouth
42,David,Hartman,male,45,North Henry
43,Nicole,George,female,41,Sarastad
44,Joseph,Hawkins,male,24,Lake Alexanderland
45,Michael,Lopez,male,71,Markview
46,Jared,Garcia,male,80,Luismouth
47,Michael,Clark,male,33,Nancybury
48,Joseph,Bryant,male,69,Lake Geraldberg
49,Keith,Roberts,male,22,Leachmouth
50,Alyssa,Haas,female,70,Vanessaberg
51,Michael,Mcmahon,male,57,Tylerbury
52,Katherine,Cline,female,66,Hernandezside
53,Roberta,Harrington,female,53,Lake Jefferybury
54,Ashley,Le,female,66,West Mary
55,Brandon,Andrews,male,30,Johnmouth
56,Jennifer,Jackson,female,29,Wellschester
57,Sheila,Harrington,female,22,Vazquezville
58,Suzanne,Wilson,female,66,Nataliehaven
59,Donald,Vega,male,52,Gilberttown
60,Jennifer,Carlson,female,53,East Danahaven
61,Michael,Davis,male,56,Brewertown
62,Joseph,Murphy,male,39,Leslieshire
63,Jonathan,Peters,male,68,East Ronnieburgh
64,Sarah,Spencer,female,60,North Thomas
65,David,Gordon,male,19,Reesemouth
66,Nathaniel,Johnson,male,20,Thomashaven
67,Laura,Logan,female,78,East Cheryl
68,James,Watts,male,20,East Stephanie
69,Amanda,Terry,female,74,Andrewbury
70,Wendy,Hall,female,59,Lindsayberg
71,Michael,Edwards,male,50,Weberchester
72,Chris,Walters,male,20,Franktown
73,Rebecca,Ortiz,female,37,East Shannon
74,Kenneth,Long,male,73,East Christian
75,Laura,Nguyen,female,46,Donnaburgh
76,Daniel,Callahan,male,74,Ashleyville
77,Jacob,Spence,male,50,Williamsonbury
78,Erik,Cummings,male,18,North Cynthia
79,Gene,Patterson,male,37,Jacquelinemouth
80,Teresa,Young,female,62,Michaelahaven
81,Jackie,Bryant,female,28,Port Tracy
82,Nancy,Perry,female,22,New Kevin
83,Austin,Brown,male,60,New Matthewstad
84,April,Horton,female,77,New Jillianmouth
85,Kelly,Young,female,39,Evanville
86,Austin,Farmer,male,38,Whiteshire
87,Christopher,Davis,male,59,South Andrea
88,Brandon,Hull,male,36,North Adriennestad
89,Robert,Hood,male,30,Madisonchester
90,Joshua,Scott,male,39,Andrewland
91,Lindsey,Bowen,female,60,Austinside
92,Christina,Griffin,female,18,Haleyberg
93,Anthony,Avery,male,28,Maryview
94,Gregory,Lamb,male,65,Derekfurt
95,Lisa,Ryan,female,63,Transtad
96,Brian,Thompson,male,33,Lake Meghan
97,Ryan,Lee,male,30,Taylorbury
98,Stephen,Cooper,male,20,Lake Joshuaborough
99,Kimberly,Soto,female,57,Jessicamouth
100,Susan,Vasquez,female,40,New Christopher
101,Teresa,Russell,female,50,Port Richard
102,Sharon,Taylor,female,18,West Michael
103,Gary,May,male,50,Copelandshire
104,Johnathan,Johnson,male,59,North Daniel
105,Anthony,Kline,male,25,Jeremybury
106,Jennifer,Mejia,female,38,Margaretburgh
107,Jennifer,Lowery,female,66,South Thomas
108,Michael,Wise,male,27,Jonesberg
109,Gina,Jones,female,50,Jerryshire
110,Danielle,Preston,female,43,Perkinsland
111,Sarah,West,female,20,New Josephport
112,Susan,Meyer,female,71,Kimberlymouth
113,Logan,Johnson,male,32,Port Williamburgh
114,Sarah,Quinn,female,76,North Ryan
115,Jackie,Jacobs,female,53,South Arianashire
116,Thomas,Kane,male,42,East Steven
117,Charles,Miller,male,76,North Jenniferbury
118,Susan,Fisher,female,65,Lake Frank
119,Richard,Collins,male,63,Robertview
120,Karen,Bradley,female,61,Hoffmanburgh
121,Paul,Mayer,male,70,South Arielview
122,Stephanie,Garcia,female,29,Port Daniel
123,Corey,Johnson,male,42,Christinashire
124,Jonathan,Wyatt,male,18,Edwardmouth
125,Yesenia,Haney,female,68,West Davidmouth
126,William,Hamilton,male,71,Barkerborough
127,Dana,Francis,female,75,Lauraport
128,Debbie,Buchanan,female,22,Lake Lisaport
129,Jeffrey,Cherry,male,75,Samuelfort
130,Taylor,Holmes,female,67,Port Jonathanfurt
131,William,Rogers,male,62,Lake Scott
132,William,Pena,male,48,Stevensmouth
133,Christina,Newman,female,58,Hooverton
134,Chelsea,Thompson,female,30,South Christopherbury
135,Mary,Duncan,female,55,Williambury
136,Taylor,Ward,female,71,East Joshua
137,Victoria,Smith,female,69,West Maria
138,John,Hart,male,37,East Alishabury
139,David,Chan,male,66,Sharpborough
140,Brent,Booker,male,58,Port John
141,Cheryl,Perkins,female,56,South Paula
142,Antonio,Morrison,male,24,Joelport
143,Christopher,Martin,male,50,Davidmouth
144,Andrea,Manning,female,34,Wagnershire
145,Kim,Leonard,female,27,Port Donald
146,Wendy,Bush,female,48,Mcdonaldshire
147,Joshua,Johnson,male,65,Kirstenmouth
148,Peter,Wang,male,19,Williamsville
149,Richard,Peterson,male,74,Olsonhaven
150,Christian,Rhodes,male,26,Port Timothyport
151,Donald,Lane,male,38,New Alexis
152,Juan,Parker,male,44,North Mariah
153,Michelle,Anderson,female,65,Jasonstad
154,Jessica,Bennett,female,35,Schultzview
155,Michael,Norman,male,58,Migueltown
156,Stacy,Mahoney,female,36,Robinsonmouth
157,Thomas,Flowers,male,76,Nielsenstad
158,Denise,Cohen,female,50,North Nathan
159,Mark,Roman,male,49,New Ruben
160,Christopher,Edwards,male,18,Victorbury
161,Joel,Cantrell,male,37,Sarahburgh
162,Cody,Scott,male,53,Andrewland
163,Vicki,Benjamin,female,74,Tylerland
164,David,Griffin,male,79,Lindachester
165,Sheena,Harmon,female,32,Bowenbury
166,Dawn,Sherman,female,43,South Raymondhaven
167,Theresa,Jones,female,72,Lake Jessica
168,David,Stevenson,male,47,North Josephbury
169,John,Jones,male,19,Lorihaven
170,Gregory,Garza,male,30,Simmonsstad
171,Victoria,Brown,female,45,Smithland
172,Katherine,Mckay,female,58,Chloetown
173,April,Marshall,female,62,Coffeymouth
174,Craig,Walker,male,19,Melindafurt
175,Holly,Ferrell,female,23,Martinezburgh
176,Amanda,Rodriguez,female,58,Sheilaland
177,Aaron,Miles,male,22,South Lisafort
178,Danny,Quinn,male,33,Monroeborough
179,Clayton,Ortiz,male,20,South Peter
180,Benjamin,Copeland,male,18,Christinemouth
181,Joshua,Flores,male,70,Carolynport
182,Preston,Gaines,male,40,Davidport
183,Chad,King,male,37,Smithberg
184,Kyle,Peterson,male,37,North Timothystad
185,Corey,Parker,male,30,Elliottton
186,Morgan,Allen,female,60,Hudsonside
187,Joshua,Koch,male,65,Port Lauraport
188,Scott,Hughes,male,46,Beanbury
189,Andre,Wright,male,28,New Marissa
190,Michelle,Knapp,female,72,South Paul
191,Leslie,Lane,female,54,Aprilberg
192,James,Espinoza,male,71,West Michael
193,Erika,Stout,female,59,Robertport
194,Mark,Hunter,male,60,Sanfordside
195,Abigail,Garcia,female,56,Lake Frank
196,Carla,Barnes,female,19,Josephtown
197,Patrick,Larsen,male,29,Gordonview
198,Mary,Cole,female,42,Port Andrewmouth
199,Megan,Stark,female,60,Harrisside
200,Carol,Gomez,female,70,Lake Chadfort
201,Lance,Grant,male,21,Sparksstad
202,Ronald,Ramsey,male,24,Michelleshire
203,Amy,Berg,female,79,Garyborough
204,Mark,Brown,male,70,Lake Linda
205,Sarah,Duke,female,80,Port Larry
206,Vincent,Rose,male,69,Thomasmouth
207,Benjamin,Ortiz,male,55,Jenniferbury
208,Kristen,Roberts,female,68,New Ryan
209,Sonia,Saunders,female,79,Chaneyview
210,Julie,Stewart,female,49,Port Timothy
211,Jonathan,Lynch,male,20,Elizabethview
212,Crystal,Thomas,female,33,New Danielstad
213,Phillip,Edwards,male,22,Lake Derekberg
214,Marc,Munoz,male,28,Jasonchester
215,Brandon,Douglas,male,31,Andersonton
216,Luis,Larson,male,66,North Kelsey
217,Parker,Becker,male,24,South Aliceport
218,John,Jordan,male,55,Lake Allisonmouth
219,Amanda,Mckenzie,female,76,Mcgeemouth
220,James,Greene,male,43,Hoshire
221,Dustin,Burgess,male,80,Port Sarafurt
222,Jonathan,Johnson,male,46,Port Oliviaside
223,Samantha,Jacobs,female,50,Tylerborough
224,Erica,Sloan,female,53,Port Nancy
225,Joseph,Green,male,73,Matthewtown
226,Joel,Patrick,male,39,Port Glorialand
227,Luis,Jensen,male,80,Lake Lauren
228,Stanley,Snyder,male,58,West Mitchell
229,Jason,Gonzalez,male,53,Morrisonmouth
230,Stacey,Schaefer,female,65,New Gail
231,Roger,Evans,male,34,South Allisonmouth
232,Michael,Smith,male,63,North Ronaldborough
233,Michael,Lindsey,male,35,Port Amber
234,Andrew,Gallagher,male,49,Websterland
235,Marc,White,male,70,Timothymouth
236,Heather,Howard,female,49,Lawsonchester
237,William,Singleton,male,47,Maddenland
238,Shelly,Castro,female,28,Baldwinside
239,Juan,Mcknight,male,19,Justinmouth
240,Jeffrey,Ward,male,61,South Daniel
241,Albert,Robinson,male,48,Grantburgh
242,Felicia,Spears,female,29,Martinberg
243,Katherine,Patrick,female,59,East Meganburgh
244,Alexis,Garcia,male,65,North Emilyshire
245,Margaret,Lee,female,58,Mortonview
246,Steve,Woods,male,69,Jenniferbury
247,Brian,Carter,male,55,North Jessica
248,Kenneth,Atkins,male,56,Port Linda
249,Matthew,Chang,male,58,North Alvinberg
250,Jose,Clements,male,59,North Shannon
251,Raymond,Ross,male,51,Martinton
252,Andrew,Crawford,male,80,Powersstad
253,Michael,Schwartz,male,75,Briannamouth
254,Amanda,Johnson,female,51,East Michael
255,Denise,Weaver,female,74,East Jasonshire
256,Michele,Hall,female,26,Jamestown
257,Katherine,Morrison,female,41,Thompsonton
258,Donald,Hahn,male,30,Michaelport
259,Vanessa,Mathis,female,22,West Troyport
260,John,Rowe,male,64,Ramirezborough
261,Scott,Mcclain,male,31,Suarezville
262,Emily,Gonzalez,female,51,Nicholashaven
263,Laura,Huffman,female,71,Michaelhaven
264,Erin,Cochran,female,54,Kimberlyville
265,Shannon,Fox,female,78,South Travisfort
266,Brooke,Marshall,female,18,Amychester
267,Darlene,Fischer,female,78,Floydmouth
268,Justin,Cabrera,male,62,Lake Denise
269,Deborah,Yang,female,22,West Michaelfurt
270,Heather,Murphy,female,25,South Haroldstad
271,Kristen,Collins,female,27,Garyton
272,Allison,Sanders,female,70,South Leroy
273,Jennifer,Lee,female,51,South Matthewtown
274,Daniel,Gilbert,male,64,Brianmouth
275,Amy,Chavez,female,23,Loganburgh
276,Eric,Diaz,male,28,New Barbaramouth
277,John,Murphy,male,68,New Racheltown
278,Justin,Contreras,male,80,South Larry
279,Tonya,Cooper,female,36,Jefferyport
280,Brent,Phillips,male,30,Ibarrabury
281,Ann,Brown,female,52,Rebeccaview
282,Teresa,Lopez,female,49,South Monicastad
283,Linda,Serrano,female,18,Port Kylemouth
284,Jerome,Knight,male,52,Goodwinshire
285,Mary,Ayers,female,61,Nelsonview
286,Melanie,Sandoval,female,60,Maryport
287,Sydney,Morgan,female,28,East Jennamouth
288,Melissa,Salazar,female,32,West Richard
289,Jasmine,Macdonald,female,41,South Jeffrey
290,Shannon,Burgess,female,76,New Rebecca
291,Brandon,Williams,male,35,Klinestad
292,Sherry,Zamora,female,59,Port Kenneth
293,Lacey,Young,female,69,Colemanfort
294,Kenneth,English,male,22,North Cheryl
295,David,Gonzales,male,44,East Kristinfort
296,Emily,Gray,female,18,Lake Brady
297,Devin,Rodriguez,male,52,North Emily
298,Jill,Fleming,female,48,Erikberg
299,Jesse,Vaughn,male,28,North Joseph
300,Francisco,Hicks,male,41,Frederickchester
301,Jesse,Wilkinson,male,21,Port Raymond
302,Erica,Clark,female,19,Williamhaven
303,Alicia,Ballard,female,67,Nataliemouth
304,Amanda,Evans,female,45,East Joshua
305,Christopher,Spencer,male,68,West Richard
306,Marie,Ferguson,female,66,South Josephbury
307,James,Vargas,male,21,Lake Brittany
308,Aaron,Morgan,male,74,Vickieborough
309,Jaime,Nielsen,female,19,Hoganberg
310,Daniel,Carpenter,male,56,West Sue
311,Michael,Little,male,52,East Alexandria
312,Linda,Bryant,female,20,Christopherburgh
313,Justin,Baker,male,73,Martinland
314,Wesley,Jones,male,32,Gatesview
315,Matthew,Marquez,male,59,Hendersonport
316,Taylor,Long,female,72,Martinezshire
317,Bill,Bowen,male,69,Suzanneville
318,Charles,Johnson,male,45,New Christopherborough
319,Melissa,Marshall,female,47,Walkerbury
320,Colleen,French,female,27,Port Melissa
321,James,George,male,39,New Sonya
322,Brandy,Sweeney,female,21,Wolfeburgh
323,Alexandria,Park,female,77,Mollyton
324,Sarah,Martin,female,48,East Haleyfurt
325,William,Perez,male,52,Cynthialand
326,Raymond,Ewing,male,65,South Teresa
327,Lisa,Robles,female,80,Derekbury
328,Michael,Wilson,male,23,East Charlesmouth
329,Paige,May,female,79,Taylorport
330,Christine,Clark,female,56,Michaelmouth
331,Mario,Maxwell,male,52,Hollowaytown
332,Kristine,Skinner,female,47,South Waltershire
333,Tammy,Sanchez,female,59,Brownton
334,Gregory,Daugherty,male,67,South Angelland
335,Monica,Cooper,female,26,Port Jeffrey
336,Samuel,Solomon,male,28,Annaview
337,Todd,Ruiz,male,68,East Jessicachester
338,John,Gonzales,male,37,Dickersonshire
339,Tyler,Bennett,male,76,Sandovalborough
340,Mary,Cooke,female,50,Baxterborough
341,Melissa,Smith,female,34,Port James
342,Jennifer,Lee,female,33,Port Hannahmouth
343,Cheryl,Hubbard,female,60,Lake Cindyport
344,Daniel,Giles,male,62,Brittneyfurt
345,Barbara,Rivera,female,51,Coleville
346,April,Snyder,female,48,South Ashley
347,Christopher,Davis,male,42,Pearsonmouth
348,Brittany,Cordova,female,45,Sandraton
349,Robin,Sutton,female,29,Jessicaville
350,Mark,Hernandez,male,36,Mikeview
351,Christina,Cortez,female,61,Port Ashley
352,Melissa,Green,female,33,Jackieberg
353,Michael,Jones,male,76,New Antonio
354,Chad,Mclaughlin,male,76,New Scottfort
355,Pamela,Espinoza,female,76,Townsendland
356,Christine,Mack,female,46,Lake Stephenport
357,Maria,Martin,female,62,West Susanshire
358,Julie,Burgess,female,61,Christinahaven
359,Larry,Lam,male,64,New Hollyport
360,Robert,Boyer,male,68,South Annaville
361,Lori,Guerra,female,61,East Nicholas
362,Austin,Higgins,male,67,North Cory
363,Jason,Flores,male,50,West Jessicamouth
364,James,Stafford,male,58,East Patriciastad
365,Gina,Potts,female,42,Port Melanie
366,Sarah,Walsh,female,20,New Jamie
367,Pamela,Vaughn,female,55,Parkmouth
368,Ryan,Good,male,78,Lake Tinahaven
369,Destiny,Lynch,female,23,New Matthew
370,Julie,Little,female,49,Smithbury
371,Tonya,Davis,female,75,Johnsonmouth
372,Christopher,Martin,male,74,Lake Linda
373,Joseph,Wyatt,male,48,Jonestown
374,Colleen,Mora,female,80,Justinchester
375,Emily,Romero,female,76,Harristown
376,Katie,Cruz,female,35,North Matthewport
377,Timothy,Wright,male,40,Stevenburgh
378,Diana,Allen,female,41,South Misty
379,Christopher,Ward,male,20,Griffinfurt
380,Teresa,Jenkins,female,38,Knightchester
381,Bethany,White,female,27,Jameschester
382,Jessica,Lynch,female,79,East Nicoleburgh
383,Jack,Howard,male,58,Bensonstad
384,Sarah,Vargas,female,29,West Benjaminmouth
385,James,Shah,male,26,East Georgemouth
386,Keith,Edwards,male,46,Port Jeffreytown
387,Rachel,Webster,female,24,Josemouth
388,William,Gates,male,45,Port Maryfort
389,Wyatt,House,male,21,Briannachester
390,Jordan,Brewer,female,26,Matthewborough
391,Michael,Garza,male,33,Christianberg
392,Kayla,Stout,female,69,South Amanda
393,Diana,Vaughn,female,59,Maryfort
394,Frank,Vang,male,79,Scottville
395,Lisa,Fritz,female,37,Brookschester
396,Jeffrey,Williams,male,57,Whitefurt
397,Miranda,Graves,female,36,Maryport
398,Tiffany,Johnson,female,32,South Anthony
399,Angela,Mcgee,female,53,Port Dianestad
400,Yolanda,Love,female,56,Port Samanthaburgh
401,Barbara,Sexton,female,65,Port Jeremyborough
402,Nathan,Fowler,male,55,South Lauramouth
403,Richard,Russell,male,30,East Stacy
404,Regina,Hall,female,52,North James
405,Tammy,Miller,female,44,West Benjaminchester
406,Monique,Jimenez,female,18,Lake Carlosfort
407,Sara,Turner,female,77,Sarahview
408,Regina,Braun,female,76,South Raymond
409,Kimberly,Marquez,female,43,Contrerasport
410,Robert,Richard,male,31,South James
411,Cheyenne,Scott,female,71,Rodriguezstad
412,Nicholas,Johnson,male,49,Port Ericborough
413,Anthony,Hernandez,male,49,Crawfordchester
414,Laurie,Reyes,female,66,Brookeshire
415,Kyle,Rodgers,male,71,Johnville
416,Matthew,Simmons,male,23,Karinaland
417,Brandon,Bush,male,53,Walkerberg
418,Benjamin,Barnes,male,33,New Stephanie
419,Latasha,Rivera,female,54,North Janicefurt
420,Joanna,Hicks,female,28,Jordanmouth
421,Ian,Oliver,male,22,Ivanshire
422,Eric,Fisher,male,72,Lake James
423,Jeffrey,Evans,male,80,Lake Robinshire
424,Christopher,Jones,male,78,East Barbara
425,George,Leach,male,58,Fosterburgh
426,Christine,Baxter,female,51,Port Brian
427,Matthew,Green,male,38,Amandafurt
428,William,Friedman,male,40,Port Keithmouth
429,Bruce,Robles,male,22,West Matthewland
430,Gregory,Villa,male,22,South Kurtfurt
431,Erika,Murray,female,61,South Jamesfort
432,Caitlin,Gonzales,female,35,East Jennifer
433,Darin,Hall,male,75,Daleshire
434,Valerie,Martinez,female,36,Madisonport
435,Dawn,Adams,female,44,Port Aaron
436,Mallory,Sanders,female,41,South Cherylchester
437,Vanessa,Jackson,female,73,Stonefort
438,Ian,Lee,male,37,North Robinshire
439,Luis,Montoya,male,29,North Gregport
440,Renee,Smith,female,22,Salazarland
441,Karl,Donaldson,male,24,East Matthewberg
442,Nancy,Cook,female,44,Jackport
443,Kristin,Medina,female,74,Lake Troyport
444,John,Padilla,male,47,South Erinfort
445,Catherine,Wood,female,23,Port Michael
446,Albert,Moore,male,29,West Dwaynemouth
447,Michael,Cantu,male,78,Port Vincent
448,Sonya,Anderson,female,66,Sanchezstad
449,Shannon,Gutierrez,female,40,Smithmouth
450,Shane,Perry,male,59,Harveystad
451,Angela,Kaufman,female,58,Robertshire
452,Kristen,Wallace,female,31,New Aliceland
453,Jennifer,Brown,female,39,New Cynthia
454,William,Meza,male,71,Floresmouth
455,Sara,Smith,female,36,West Sara
456,Robert,Pineda,male,50,Kimchester
457,Kylie,Rodriguez,female,19,Shelbyland
458,David,Mullins,male,50,New Brittneyberg
459,Keith,Griffin,male,49,Lake Jennifer
460,Scott,Booth,male,65,Stevenville
461,John,Elliott,male,33,Lake Cassie
462,Kenneth,Jones,male,69,Port Benjaminview
463,Bonnie,Olson,female,57,East Katiechester
464,Ana,Johnson,female,25,East Tyler
465,Cameron,Robbins,male,52,West Jennifer
466,Jennifer,Vargas,female,80,South Jonathan
467,Stephanie,Mclaughlin,female,41,Foxhaven
468,Tyrone,Snyder,male,51,Muellerfort
469,Amy,Hahn,female,23,Johnsontown
470,Scott,Sherman,male,60,North Lynnberg
471,Brian,Harris,male,80,Alexandrachester
472,Carol,Richardson,female,77,Rayside
473,Jean,Lloyd,female,41,Katrinashire
474,Shannon,Smith,female,67,Jessicamouth
475,Daryl,House,male,51,Lake William
476,Diana,Parker,female,63,West Brianna
477,Travis,Byrd,male,35,New Nichole
478,Christine,Werner,female,54,Rogersland
479,Alexander,Mason,male,64,Aaronmouth
480,Andrea,Perkins,female,28,Margaretstad
481,Ryan,Beasley,male,18,Port Mackenzie
482,Tyler,Compton,male,64,South Brandon
483,Gina,Mcdonald,female,45,Collinsbury
484,Deanna,Stephens,female,51,Tammyport
485,Amy,Mendez,female,42,New Andrew
486,Alison,Smith,female,54,Mariaburgh
487,Sean,Lee,male,23,Lake Karen
488,Jacqueline,Jones,female,74,North Danastad
489,Zachary,Harper,male,73,Whitechester
490,Joseph,Parker,male,45,East Nicholas
491,Hector,Campbell,male,19,Lake Terryview
492,Amy,Edwards,female,27,Marshallfurt
493,James,Hernandez,male,22,Port Catherineville
494,Jeffrey,Donaldson,male,21,East Lindsey
495,Michael,Smith,male,73,Christinafort
496,Kimberly,Long,female,69,Robertburgh
497,Angela,Stone,female,37,Amandaville
498,Corey,Davis,male,30,Oliviastad
499,Heather,Massey,female,70,Lake Jameshaven
500,Donald,Gonzalez,male,76,Hermanton
501,Dylan,Freeman,male,55,Port Jonstad
502,James,Fox,male,68,North Scottton
503,Dean,Nguyen,male,77,Arianastad
504,Rebecca,Livingston,female,34,Hoganberg
505,Rebecca,Torres,female,54,Deanbury
506,Robert,Cline,male,44,South Lorishire
507,Matthew,Walker,male,34,Angelachester
508,Robert,Green,male,44,Brianside
509,Jessica,Fry,female,39,Jessicaland
510,Katherine,Mason,female,61,Adamville
511,Megan,Rogers,female,67,Lake Cynthiatown
512,Teresa,Fields,female,31,Lake Courtneyside
513,Kevin,Blevins,male,64,North Robertside
514,Taylor,Sanchez,female,67,East Thomas
515,Heather,Thompson,female,68,South Misty
516,Beth,Lee,female,29,Francoville
517,Stephanie,Harding,female,57,New Travisborough
518,Ashley,Porter,female,62,Dunnmouth
519,Nathan,Garcia,male,36,Port Patrickhaven
520,Laura,Hopkins,female,26,Stevenview
521,Kelli,English,female,66,Kevinmouth
522,James,Doyle,male,71,Michaelland
523,Chelsey,Smith,female,35,West Amandaborough
524,Veronica,Hartman,female,53,Samuelview
525,Timothy,Payne,male,34,Davisland
526,Amanda,Mcguire,female,39,Lorimouth
527,Carl,Brady,male,54,Port Randy
528,Alan,Mitchell,male,61,New Holly
529,Kyle,Schultz,male,27,Rodriguezmouth
530,Megan,Escobar,female,59,Port Danafort
531,Paul,Freeman,male,59,Fernandostad
532,Richard,Harris,male,74,Michaelland
533,David,Mooney,male,61,North Suzanne
534,Miranda,Simpson,female,35,Hernandezfurt
535,Lisa,Brady,female,57,East Daniel
536,Melinda,Smith,female,64,Mooreview
537,Victoria,Nelson,female,26,Lake Oscar
538,David,Smith,male,37,Mileshaven
539,Laura,Johnson,female,51,South Krista
540,Benjamin,Montgomery,male,45,West Christopherside
541,Marie,Frank,female,74,Lunafort
542,Tracy,Barr,female,42,New Matthewmouth
543,Betty,Miller,female,53,Markchester
544,Joshua,Liu,male,47,South Kellyberg
545,Ariel,Jones,female,27,Lake Elizabethbury
546,Alyssa,Munoz,female,51,Nathanborough
547,Danielle,Wolfe,female,45,North Raymond
548,Michael,Buchanan,male,37,Mooreberg
549,Mary,Walters,female,39,South Jennifer
550,Nicole,Porter,female,31,Lake Kaylaborough
551,Kevin,Bush,male,21,Olsonhaven
552,Cassandra,Spears,female,29,Davidborough
553,Michael,Kelley,male,32,New Mirandamouth
554,Joel,Long,male,30,West Jacob
555,Sarah,Anderson,female,66,New Anthony
556,Wendy,Hall,female,42,Villegasshire
557,Sierra,Saunders,female,72,Jordanton
558,Thomas,Pugh,male,53,Traceybury
559,Lisa,Hill,female,28,New Margaretville
560,Rebecca,Hendricks,female,45,West Angel
561,Steven,Carpenter,male,41,Johnsonmouth
562,Megan,Browning,female,34,Mcdonaldberg
563,Erin,Cooper,female,65,East Brandyshire
564,Jeremy,Gates,male,41,New Eriktown
565,Charlotte,Dixon,female,18,Kimberlyfurt
566,Evan,Lopez,male,42,Malikbury
567,John,Spencer,male,55,Lisafurt
568,Matthew,Deleon,male,22,Hendersonport
569,Michael,Johnson,male,63,Chaseshire
570,Corey,Castaneda,male,53,Shortchester
571,Theresa,Mendoza,female,38,East Brian
572,Jennifer,Rios,female,18,Julieville
573,Cole,Hernandez,male,37,New Catherineton
574,James,Ramirez,male,38,Yolandashire
575,Laurie,Newman,female,78,New Kiarahaven
576,Thomas,Byrd,male,58,Lisaview
577,Tanya,Hale,female,36,New Andrew
578,Bradley,Carter,male,35,Port Melissamouth
579,Frank,Smith,male,30,Jacobsonchester
580,Sara,Hall,female,78,Whiteview
581,Stephanie,Moody,female,63,Jacobberg
582,Amanda,Garrett,female,30,South Faithborough
583,Jacqueline,Woods,female,62,Teresashire
584,Jennifer,Cervantes,female,51,Johnsonchester
585,Mary,Figueroa,female,59,Catherinebury
586,Cody,Grant,male,31,Lindaland
587,Brandy,Beck,female,55,Randyshire
588,James,Ball,male,73,North Bettyfort
589,Devin,Mcintyre,male,49,Connerville
590,Patricia,Paul,female,61,Whiteland
591,Matthew,Thomas,male,53,Greenfurt
592,Shannon,Davis,female,61,West Taylor
593,Randy,Warren,male,35,Nealmouth
594,Rebecca,Henderson,female,36,Johnsonfort
595,Crystal,Stark,female,38,Port Jennifer
596,Omar,Davis,male,60,Port Erin
597,Lauren,Burton,female,75,South William
598,Bryan,Reid,male,20,Lake Davidtown
599,Amanda,Cox,female,27,Lake John
600,Timothy,Williams,male,18,Williamsonmouth
601,Anthony,White,male,68,Washingtonton
602,Steven,Hernandez,male,40,North Steven
603,Stephen,Johnson,male,33,Pierceborough
604,Sarah,Sellers,female,30,Jodifurt
605,Patrick,Mcmillan,male,75,Alexandrachester
606,Kevin,Palmer,male,34,South Josephhaven
607,Kevin,Fleming,male,68,South Laura
608,Brandon,Williams,male,31,Popemouth
609,Pamela,Hill,female,43,Lake Linda
610,Colin,Camacho,male,71,North Michael
611,Kirsten,Schwartz,female,19,Fullerton
612,Tonya,Long,female,30,North Danielle
613,Karen,Kelley,female,60,South Jason
614,Jeff,Barr,male,69,Lake Ericport
615,William,Taylor,male,51,Lake Jonathan
616,Robert,Buchanan,male,53,Coreytown
617,Samantha,Watson,female,54,North Sara
618,Bradley,Johnson,male,47,Lake Johnville
619,Scott,Nelson,male,31,Lake Alex
620,Regina,Hopkins,female,26,Dennischester
621,Nancy,Solis,female,58,Isabellashire
622,Kathleen,Cherry,female,35,Griffithchester
623,Daniel,Fernandez,male,47,Sherryfort
624,Ashley,Lara,female,30,Hodgehaven
625,Susan,Valdez,female,34,Johnnymouth
626,Ruth,Cummings,female,44,Terryside
627,Robert,Wilson,male,55,Lucasport
628,Bruce,Perez,male,77,South Williamport
629,John,Taylor,male,32,Reidmouth
630,Kevin,Perez,male,61,North Darrell
631,Andrew,Mayo,male,22,Emmaton
632,Miranda,Sanford,female,44,West Luisview
633,Sandra,Edwards,female,58,Calvinshire
634,Daniel,Merritt,male,40,Port Tracieburgh
635,Anne,Burns,female,80,North Teresa
636,Jason,Snyder,male,59,Port Angela
637,Mary,Conrad,female,53,East Danielview
638,Evan,Miller,male,50,Phillipsland
639,Terri,Ayers,female,53,Youngfurt
640,Bradley,Tapia,male,19,Robinsonland
641,Dale,Anderson,male,65,North Caitlin
642,Kim,Watkins,female,21,Lake Amanda
643,Erica,Todd,female,28,East Matthewland
644,Matthew,Herrera,male,70,Port Carlos
645,Douglas,Phillips,male,70,Timothychester
646,Paul,Thompson,male,27,New Alex
647,John,Patterson,male,47,Derekville
648,Colton,Bailey,male,78,North Cheyenneburgh
649,Kimberly,Montgomery,female,55,Montoyaport
650,Jessica,Austin,female,45,Lake Ericaburgh
651,Brittany,Rivera,female,68,Martinmouth
652,David,Perry,male,54,Lake Morgan
653,Angela,Stout,female,48,South Pamelaborough
654,Jonathan,Owens,male,42,Deannafort
655,Kathryn,Watkins,female,25,West Amber
656,Laura,Rodriguez,female,72,West Gregoryburgh
657,Michael,Chambers,male,75,Port Debbieland
658,Darlene,Durham,female,21,Gibsonton
659,Morgan,Walker,female,26,Richmouth
660,Julia,Mooney,female,80,Lake Pamelamouth
661,James,Carr,male,69,Torresmouth
662,Matthew,Moreno,male,19,Jacobsfurt
663,Stephen,Gonzalez,male,56,North Joshua
664,Gloria,Deleon,female,77,Sherrifurt
665,Megan,Guzman,female,34,New Davidbury
666,Anna,Collins,female,24,New Jonathan
667,George,Jackson,male,57,Daltonmouth
668,Sarah,Montgomery,female,70,South Andrewville
669,Michael,Thomas,male,40,Moorestad
670,Yvonne,Beck,female,34,Weaverbury
671,Brandon,Lee,male,25,Nathanton
672,Sarah,Hogan,female,22,Jimeneztown
673,Kim,Pugh,female,29,Harperville
674,Adam,Ward,male,50,Rogerton
675,Michael,Jones,male,22,Carrollfort
676,Joseph,Christian,male,53,Howellfurt
677,Matthew,Cook,male,79,West Colleen
678,Connie,Carlson,female,59,West Steventown
679,Zachary,Walters,male,57,Petersonside
680,Lauren,Lawrence,female,44,Flynnland
681,Gregory,Novak,male,53,East Rebeccamouth
682,Brooke,Kerr,female,52,Lake Luisview
683,Heather,Long,female,25,Elizabethfort
684,Allison,Wade,female,27,Penamouth
685,Christopher,Brewer,male,57,North Henry
686,Joseph,Barrett,male,61,Clineview
687,Gary,Lara,male,74,Aaronhaven
688,Donna,Todd,female,72,Theresaport
689,Thomas,Daniel,male,52,South Amy
690,Kimberly,Miller,female,72,Benderfort
691,Ruben,Brown,male,66,West Robert
692,Logan,Carter,male,31,South Rachelside
693,Sheri,Alvarez,female,79,Port Sheena
694,Tracy,Wood,male,49,New Johnmouth
695,Tyrone,Berry,male,49,Jenniferbury
696,Taylor,Kramer,female,63,Monicaview
697,Christopher,Shelton,male,71,Markbury
698,Denise,Grant,female,48,Brendaburgh
699,Melissa,Smith,female,58,Velasquezport
700,Michael,Joyce,male,49,Lake Tracy
701,Brian,David,male,43,Danielleport
702,Christine,Henderson,female,52,New Natalieshire
703,Kathleen,George,female,68,Webbtown
704,Jeffrey,Sanders,male,61,Baileybury
705,Alexis,Gregory,female,21,Port Anthonyside
706,Heather,Smith,female,47,West Matthewhaven
707,James,Herrera,male,46,Lake Anthonyland
708,Tina,Perez,female,61,East April
709,Linda,Rosales,female,52,Reyesville
710,Patrick,Flowers,male,37,Rileyshire
711,Alan,Thomas,male,79,Kellyborough
712,Taylor,Yang,female,20,Christopherberg
713,Chad,Schroeder,male,54,Sherryborough
714,Elizabeth,Williams,female,78,Port Douglas
715,Carrie,Lane,female,79,Fordfurt
716,Brian,Barnes,male,33,Phelpston
717,Lindsey,Ford,female,39,Andrewland
718,Thomas,Roberts,male,64,Hannahtown
719,Theresa,Wolf,female,38,Olsonville
720,Ashley,Lam,female,22,Hallburgh
721,Joseph,Spencer,male,50,Gordonfort
722,Stacey,Moran,female,50,Kristinahaven
723,Michael,Bennett,male,29,Jeremybury
724,Monica,Jones,female,43,Robertmouth
725,Jean,Griffin,female,51,Lauraview
726,April,Rose,female,63,Lake Krystalmouth
727,Jason,English,male,70,Debrashire
728,Rebecca,Poole,female,45,Kathrynmouth
729,Christine,Boyd,female,49,Smithbury
730,Jennifer,James,female,55,Lake Laurenland
731,Lisa,Adams,female,67,Amandastad
732,Kathy,Fowler,female,71,Hartland
733,Dorothy,Cooper,female,55,West Elizabethfurt
734,Eric,Steele,male,67,New Michaelville
735,Linda,Snyder,female,30,Bakerborough
736,Katrina,Haney,female,25,Boydtown
737,Jennifer,Baker,female,63,Lake James
738,Susan,Terrell,female,47,Jenniferburgh
739,Michael,Marsh,male,67,Roseberg
740,Julie,Williams,female,47,Zimmermanland
741,Emily,Herrera,female,29,New Jessica
742,Marcus,Johnston,male,18,West Robert
743,David,Griffin,male,25,Downsburgh
744,Michael,Taylor,male,31,Moranchester
745,Preston,Matthews,male,61,West Brad
746,Christian,Hines,male,68,Lauriestad
747,Cory,Davies,male,67,Brandybury
748,Katelyn,Stephens,female,76,Port Ryan
749,Heather,Mitchell,female,30,South Edwardberg
750,James,Brown,male,32,East Josephtown
751,Heather,Gilbert,female,26,New Beverlybury
752,Bryan,Kim,male,51,Loweview
753,Matthew,Young,male,63,South Lisa
754,Alicia,Simmons,female,37,Kristenton
755,Paula,Wright,female,59,West Kimberly
756,Emily,Peterson,female,45,Lake Jonathan
757,Christopher,White,male,46,West Nicholas
758,Jose,Romero,male,35,Warnerville
759,Michelle,Evans,female,41,North Josephstad
760,James,Kennedy,male,33,North Courtney
761,Anthony,Greene,male,59,South Scott
762,Stephanie,Williams,female,71,Hahnville
763,Jennifer,Richmond,female,42,New Timothy
764,Drew,Morton,male,36,Hallton
765,Christopher,Burns,male,64,Christinaton
766,James,Williams,male,29,Markland
767,Dennis,Flores,male,44,Diazbury
768,Ryan,Phillips,male,73,East Alexaside
769,Timothy,Taylor,male,49,Lake Jeffrey
770,Jessica,Huffman,female,61,North Lori
771,Michelle,Brown,female,68,Amandachester
772,Joseph,Carroll,male,70,Kelleyside
773,Laura,Bell,female,52,Peterborough
774,Tammy,Wilkerson,female,37,Richardbury
775,Rebekah,Hill,female,18,Lake Maria
776,John,Coleman,male,47,West Jessica
777,Joshua,Wolfe,male,26,East Richard
778,Jeffrey,Francis,male,44,Lake Elizabeth
779,Douglas,Estrada,male,32,Carterfort
780,Christopher,Torres,male,73,East Christinashire
781,Paul,Farmer,male,74,Lake Matthewstad
782,Deborah,Jacobs,female,67,Joshuaborough
783,Katelyn,Brennan,female,71,Stantonberg
784,Douglas,Jackson,male,74,New Anna
785,Jim,Simmons,male,73,Sherrymouth
786,Sean,Jones,male,22,Sandovalmouth
787,David,Kim,male,70,Jacquelineville
788,Cody,Gray,male,67,Robertchester
789,Paul,Rosales,male,79,Phillipsmouth
790,Timothy,Mcpherson,male,51,Deleonville
791,Kara,Prince,female,66,Lake William
792,Brittany,Hernandez,female,60,Haleyburgh
793,Matthew,Peterson,male,78,Davisburgh
794,Christine,Hernandez,female,24,East Rebecca
795,Valerie,Reeves,female,71,Barnesfurt
796,Cheryl,Richard,female,30,Jessetown
797,Michael,Bryan,male,26,Scotthaven
798,Denise,Patel,female,74,Markborough
799,Matthew,Gonzalez,male,28,Booneshire
800,Alyssa,Miller,female,61,Port Brian
801,Michelle,Mccoy,female,48,South Anitastad
802,Ashley,Thompson,female,61,Jonburgh
803,Tiffany,Perez,female,62,South Rebeccaborough
804,Dorothy,Austin,female,34,South Daleview
805,Barbara,Ashley,female,61,Robinsonborough
806,Mark,Williams,male,28,Anneborough
807,Dana,Bender,female,39,Scottfort
808,Brianna,Brown,female,48,Millerton
809,Robert,Bell,male,46,Farleymouth
810,Daniel,Webb,male,41,Patrickview
811,Anthony,Torres,male,56,North Taylorstad
812,Chelsea,Myers,female,63,Donaldsonberg
813,Shannon,Wilson,female,47,Hoffmanbury
814,Lauren,Meyer,female,78,Joseshire
815,Jennifer,White,female,24,Scottfurt
816,Ryan,Curtis,male,43,Hicksbury
817,Jose,Haynes,male,66,Port Barbara
818,Barbara,Simpson,female,68,Theodoreville
819,Cody,Johns,male,78,Murphyshire
820,Jennifer,Bennett,female,34,West Margaretfort
821,Cynthia,Mitchell,female,80,Thomasstad
822,Jeffrey,Ross,male,70,West Teresa
823,Shelby,Hayes,female,73,Klineborough
824,Erin,Cortez,female,49,Joshuaton
825,Susan,Bailey,female,47,Lake Justin
826,Margaret,Rodriguez,female,80,North Stuartton
827,Beth,Mcclure,female,66,Freemanmouth
828,Victoria,Whitaker,female,68,Port Brandonton
829,Claire,Rodriguez,female,44,Kimberlymouth
830,Cory,Thomas,male,77,East Ericatown
831,Tara,Garrett,female,79,Donaldfurt
832,Thomas,Garcia,male,77,Lake Joshua
833,Darlene,Hanson,female,60,South Sonia
834,Brenda,Morris,female,26,Garciafort
835,Ashley,Jones,female,39,New Michelletown
836,Cynthia,Williams,female,47,Lake Patrickfort
837,Alexis,Mcgrath,female,40,New Stacystad
838,Belinda,Soto,female,76,Nicolasburgh
839,Jean,Gonzalez,female,58,Bookertown
840,Jonathan,Miller,male,77,Masseyborough
841,Cassandra,Hernandez,female,60,West Stevenmouth
842,Stephanie,Mccarthy,female,43,New Tamaraport
843,Steven,Marks,male,80,Cookhaven
844,Michael,Watson,male,32,East Johnnyside
845,Kelly,Ross,female,77,New Josephton
846,Suzanne,Henderson,female,41,Lake Lawrence
847,Marcus,Doyle,male,48,Codytown
848,Colleen,Hall,female,38,Melissaton
849,April,Johnson,female,52,Martinborough
850,Rhonda,Clark,female,37,Elizabethmouth
851,Alexander,Jones,male,30,South Christopher
852,Jessica,Henry,female,48,Port Ashleyborough
853,Jeremiah,Smith,male,58,South Marco
854,Natasha,Scott,female,78,Hallhaven
855,Sonya,Montgomery,female,43,North Stephen
856,Alexandra,Schaefer,female,61,Bullockchester
857,Nancy,Brown,female,64,Gibsonland
858,Roberto,Gonzalez,male,61,New Lisa
859,Samantha,Mcdowell,female,63,Rangelport
860,Adam,Turner,male,63,Thomasfurt
861,Ashlee,Contreras,female,49,Patriciashire
862,James,Williams,male,31,New Allenborough
863,Bailey,Burch,female,26,West Jacquelineport
864,Nathan,Richardson,male,78,Wilsontown
865,Thomas,Taylor,male,42,East Joemouth
866,Glenn,Hill,male,65,Gabrielabury
867,Angela,Sullivan,female,35,New Brian
868,Scott,Mason,male,18,Lake Kenneth
869,John,Sweeney,male,73,South Anneburgh
870,Scott,Leblanc,male,76,Margaretfort
871,Kathryn,Copeland,female,62,West Kelseyfort
872,Kevin,Hoffman,male,62,Port Lauraberg
873,Marc,Jones,male,62,New Willieport
874,Robert,Moore,male,62,Lake Christianborough
875,Terry,Hoover,male,25,South Jacob
876,Rebekah,Reilly,female,62,West Codybury
877,Peter,Marks,male,50,Terriport
878,Holly,Martin,female,43,South Brettshire
879,Gregory,Whitaker,male,60,North Adrienne
880,Alexandria,Davis,female,29,East Michele
881,Christopher,Mckee,male,66,Carlahaven
882,Shannon,Torres,female,38,South Kathryn
883,Ryan,Rodriguez,male,33,Wilsonside
884,Daniel,Newton,male,53,Stevenstown
885,Colleen,Bender,female,22,Riggsview
886,David,Mclean,male,26,Meghanmouth
887,Madison,Owens,female,79,Port Patrickchester
888,Michelle,Peterson,female,34,Melindaview
889,Ryan,Steele,male,64,Paulfort
890,Jacob,Fuentes,male,49,Christopherberg
891,Kimberly,Brady,female,67,West Cameron
892,Raymond,Frye,male,28,Port Theodorebury
893,Deborah,Stevens,female,72,Lake Jennifer
894,Heather,Lee,female,23,Camachoville
895,Angela,Ward,female,52,Holderfurt
896,Erika,Brown,female,79,North Carolynville
897,John,Martinez,male,56,Port Kellystad
898,Barbara,Barnes,female,18,Port Kathryn
899,Rebecca,Welch,female,40,Mcneilbury
900,Scott,Chavez,male,44,Moraleshaven
901,Barry,Bailey,male,73,Brownville
902,Lisa,White,female,65,Lake Joseph
903,John,Sanchez,male,72,Michaelton
904,Nicholas,Jones,male,46,East Ronaldtown
905,Bruce,Johnson,male,65,Justinport
906,Christine,Lee,female,69,Garciahaven
907,Kristina,Garrett,female,35,Vegaborough
908,Paul,Navarro,male,56,Beasleymouth
909,Amy,Choi,female,21,South Pamelaside
910,Jon,Underwood,male,28,Port Monica
911,Grant,Mendoza,male,48,North Anne
912,Abigail,Glenn,female,57,Lake Kimberly
913,Melissa,Leblanc,female,44,Port Lucas
914,Michael,Price,male,38,Hoodmouth
915,Andrew,Simpson,male,39,Charlesport
916,George,Chaney,male,63,Port Virginiatown
917,Kendra,Wiggins,female,24,East Trevorside
918,Karen,Sullivan,female,72,South Keithhaven
919,Jonathan,Fritz,male,68,Lake Richard
920,Angela,Hansen,female,65,Watsonland
921,Elizabeth,Munoz,female,25,Davidton
922,Dawn,Nicholson,female,32,North Brendaburgh
923,Daniel,Jenkins,male,32,Lake Monica
924,David,Gallegos,male,37,Jasonfort
925,Tammy,Harrington,female,74,Nguyenhaven
926,Thomas,West,male,64,Normanmouth
927,James,Allen,male,62,East Chelsea
928,Donald,Buchanan,male,70,Rhondachester
929,Kaitlyn,Huber,female,62,Randyside
930,Roberto,Kelly,male,22,West Elizabeth
931,Cheryl,Mccoy,female,48,New Brian
932,Jason,Morales,male,69,Alvaradofort
933,Tracie,Garcia,female,36,North Katelyn
934,Mark,Ramos,male,35,Port Adrian
935,Erica,Rodriguez,female,75,Williamberg
936,Ryan,Owen,male,23,Howardmouth
937,Jonathon,Burke,male,43,Olsonville
938,Eric,Martin,male,26,North Jeffrey
939,Aaron,Morris,male,55,Lake Benjamin
940,Kelly,Michael,female,48,Fryeton
941,Alexis,Richardson,female,52,West Heatherland
942,Donald,Anderson,male,56,Jodystad
943,Jennifer,Byrd,female,38,Port Victoria
944,Dana,Allen,female,31,Lake Edward
945,Vanessa,Carlson,female,69,West Karaburgh
946,John,Martin,male,39,Samuelhaven
947,Kathryn,Weiss,female,48,South Adamchester
948,Kristi,Hill,female,50,Briantown
949,Ashley,Garcia,female,64,Port James
950,Angela,Harris,female,36,Shannonville
951,Lacey,Shaffer,female,66,Port Cory
952,Tammy,Clark,female,26,Holmesbury
953,Eugene,Watson,male,44,Chavezland
954,Kristy,Zimmerman,female,79,Port Erica
955,Janet,Schultz,female,23,North Julieberg
956,Steve,Williams,male,42,Castrohaven
957,Ryan,Gray,male,77,Port Colinhaven
958,Crystal,Moreno,female,62,West Paigeview
959,Cody,Jones,male,42,Lake Tannermouth
960,Robert,Wright,male,79,New Heatherburgh
961,Mary,Adams,female,57,New Brianstad
962,Kyle,White,male,69,New Justintown
963,John,Cervantes,male,39,Lindsaytown
964,Elizabeth,Singh,female,54,North Stephenhaven
965,Ryan,Little,male,64,New Debra
966,Robert,Norris,male,51,South Mauriceville
967,Krystal,Ramos,female,56,Deniseburgh
968,Thomas,Adams,male,35,Douglastown
969,Anne,Edwards,female,68,East Kimberly
970,Joshua,Allen,male,75,South Ryanhaven
971,Elizabeth,Cox,female,46,Carrland
972,Alexandria,Williams,female,54,East Shawn
973,Elizabeth,Williams,female,56,Johnburgh
974,Anthony,Decker,male,68,Gilbertfort
975,Lawrence,Burton,male,70,Lake Michaelchester
976,Devin,Anderson,male,35,Powellmouth
977,Wayne,Harvey,male,73,Hartborough
978,Shelby,Miles,female,42,East William
979,Gabriel,Morrison,male,20,Lake Melissa
980,Gregory,Compton,male,60,West Amy
981,Karina,Olson,female,32,South Cynthia
982,Michele,Parker,female,27,Garyfurt
983,Robin,Jackson,female,50,South Rachel
984,Joseph,Sanchez,male,75,North Coryton
985,Debra,Lee,female,69,Williamshire
986,William,Turner,male,20,Jasonland
987,Michael,Miller,male,27,Robertsonport
988,Erin,Gardner,female,25,North Crystal
989,Jamie,Carter,female,79,West Danielle
990,Joshua,Allen,male,38,Devonfurt
991,Gabrielle,Foster,female,80,Chavezland
992,Lindsey,Thompson,female,21,Lake James
993,Michael,Reed,male,20,Michaeltown
994,Adam,White,male,52,New Courtneyfort
995,Patrick,Kemp,male,62,Wendybury
996,George,Thornton,male,60,Armstrongfort
997,Danny,Stone,male,73,Scottmouth
998,Kevin,Adams,male,44,Huffmanfort
999,Kyle,Roberson,male,21,Richardsonshire
1000,Erin,Buchanan,female,70,West Tamara
